Entity,Code,Year,Solar Capacity
Africa,,1996,0.001012425219
Africa,,1997,0.003037275656
Africa,,1998,0.005062126093
Africa,,1999,0.008099401749
Africa,,2000,0.010927
Africa,,2001,0.013029
Africa,,2002,0.015243
Africa,,2003,0.018019
Africa,,2004,0.021996
Africa,,2005,0.025965
Africa,,2006,0.034268
Africa,,2007,0.046656
Africa,,2008,0.063367
Africa,,2009,0.106838
Africa,,2010,0.193825
Africa,,2011,0.266352
Africa,,2012,0.323352
Africa,,2013,0.659787
Africa,,2014,1.564868
Africa,,2015,1.931458
Africa,,2016,2.974232
Africa,,2017,4.691427
Africa,,2018,7.096161
Africa,,2019,8.276541
Africa,,2020,9.505
Algeria,DZA,1996,0
Algeria,DZA,1997,0
Algeria,DZA,1998,0
Algeria,DZA,1999,0
Algeria,DZA,2000,0
Algeria,DZA,2001,0
Algeria,DZA,2002,0
Algeria,DZA,2003,0
Algeria,DZA,2004,0
Algeria,DZA,2005,0
Algeria,DZA,2006,0
Algeria,DZA,2007,0
Algeria,DZA,2008,0
Algeria,DZA,2009,0
Algeria,DZA,2010,0
Algeria,DZA,2011,0
Algeria,DZA,2012,0
Algeria,DZA,2013,0
Algeria,DZA,2014,0.0011
Algeria,DZA,2015,0.0491
Algeria,DZA,2016,0.2191
Algeria,DZA,2017,0.4
Algeria,DZA,2018,0.423
Algeria,DZA,2019,0.423
Algeria,DZA,2020,0.423
Argentina,ARG,1996,0
Argentina,ARG,1997,0
Argentina,ARG,1998,0
Argentina,ARG,1999,0
Argentina,ARG,2000,0
Argentina,ARG,2001,0
Argentina,ARG,2002,0
Argentina,ARG,2003,0
Argentina,ARG,2004,0
Argentina,ARG,2005,0
Argentina,ARG,2006,0
Argentina,ARG,2007,0
Argentina,ARG,2008,0
Argentina,ARG,2009,0
Argentina,ARG,2010,0
Argentina,ARG,2011,0.001
Argentina,ARG,2012,0.006
Argentina,ARG,2013,0.008
Argentina,ARG,2014,0.008
Argentina,ARG,2015,0.009
Argentina,ARG,2016,0.009
Argentina,ARG,2017,0.009
Argentina,ARG,2018,0.191
Argentina,ARG,2019,0.442
Argentina,ARG,2020,0.764
Asia Pacific,,1996,0.077
Asia Pacific,,1997,0.1125
Asia Pacific,,1998,0.162
Asia Pacific,,1999,0.246
Asia Pacific,,2000,0.39601
Asia Pacific,,2001,0.53516
Asia Pacific,,2002,0.745891
Asia Pacific,,2003,0.989885
Asia Pacific,,2004,1.285492
Asia Pacific,,2005,1.659016
Asia Pacific,,2006,2.038083
Asia Pacific,,2007,2.359999
Asia Pacific,,2008,2.990907
Asia Pacific,,2009,4.278042
Asia Pacific,,2010,7.310291
Asia Pacific,,2011,12.112334
Asia Pacific,,2012,19.837848
Asia Pacific,,2013,39.110974
Asia Pacific,,2014,61.577005
Asia Pacific,,2015,90.590444
Asia Pacific,,2016,143.158157
Asia Pacific,,2017,213.586336
Asia Pacific,,2018,282.514423
Asia Pacific,,2019,340.999853
Asia Pacific,,2020,422.583
Australia,AUS,1996,0.016
Australia,AUS,1997,0.019
Australia,AUS,1998,0.023
Australia,AUS,1999,0.025
Australia,AUS,2000,0.026148
Australia,AUS,2001,0.030635
Australia,AUS,2002,0.035822
Australia,AUS,2003,0.041066
Australia,AUS,2004,0.048412
Australia,AUS,2005,0.054911
Australia,AUS,2006,0.06427
Australia,AUS,2007,0.076708
Australia,AUS,2008,0.089376
Australia,AUS,2009,0.337405
Australia,AUS,2010,1.099341
Australia,AUS,2011,2.491227
Australia,AUS,2012,3.799
Australia,AUS,2013,4.605787
Australia,AUS,2014,5.352693
Australia,AUS,2015,6.07399
Australia,AUS,2016,6.854201
Australia,AUS,2017,7.570817
Australia,AUS,2018,8.875764
Australia,AUS,2019,13.564899
Australia,AUS,2020,17.625
Austria,AUT,1996,0.0017
Austria,AUT,1997,0.0022
Austria,AUT,1998,0.0029
Austria,AUT,1999,0.0037
Austria,AUT,2000,0.005
Austria,AUT,2001,0.007
Austria,AUT,2002,0.009
Austria,AUT,2003,0.023
Austria,AUT,2004,0.027
Austria,AUT,2005,0.021
Austria,AUT,2006,0.0224
Austria,AUT,2007,0.0242
Austria,AUT,2008,0.0301
Austria,AUT,2009,0.0489
Austria,AUT,2010,0.0888
Austria,AUT,2011,0.1741
Austria,AUT,2012,0.337
Austria,AUT,2013,0.626
Austria,AUT,2014,0.785246
Austria,AUT,2015,0.937098
Austria,AUT,2016,1.096016
Austria,AUT,2017,1.268971
Austria,AUT,2018,1.455
Austria,AUT,2019,1.702
Austria,AUT,2020,2.22
Belgium,BEL,1996,0
Belgium,BEL,1997,0
Belgium,BEL,1998,0
Belgium,BEL,1999,0
Belgium,BEL,2000,0
Belgium,BEL,2001,0
Belgium,BEL,2002,0.001
Belgium,BEL,2003,0.001
Belgium,BEL,2004,0.001
Belgium,BEL,2005,0.002
Belgium,BEL,2006,0.002
Belgium,BEL,2007,0.02
Belgium,BEL,2008,0.062
Belgium,BEL,2009,0.386
Belgium,BEL,2010,1.0069
Belgium,BEL,2011,1.9791
Belgium,BEL,2012,2.6465
Belgium,BEL,2013,2.9024
Belgium,BEL,2014,3.0152
Belgium,BEL,2015,3.1317
Belgium,BEL,2016,3.327
Belgium,BEL,2017,3.621
Belgium,BEL,2018,4
Belgium,BEL,2019,4.637
Belgium,BEL,2020,5.646
Brazil,BRA,1996,0
Brazil,BRA,1997,0
Brazil,BRA,1998,0
Brazil,BRA,1999,0
Brazil,BRA,2000,0
Brazil,BRA,2001,0
Brazil,BRA,2002,0
Brazil,BRA,2003,0
Brazil,BRA,2004,0
Brazil,BRA,2005,0
Brazil,BRA,2006,0
Brazil,BRA,2007,0
Brazil,BRA,2008,0
Brazil,BRA,2009,0
Brazil,BRA,2010,0.001
Brazil,BRA,2011,0.002
Brazil,BRA,2012,0.003
Brazil,BRA,2013,0.008
Brazil,BRA,2014,0.02
Brazil,BRA,2015,0.041
Brazil,BRA,2016,0.148
Brazil,BRA,2017,1.296
Brazil,BRA,2018,2.47
Brazil,BRA,2019,4.615
Brazil,BRA,2020,7.881
Bulgaria,BGR,1996,0
Bulgaria,BGR,1997,0
Bulgaria,BGR,1998,0
Bulgaria,BGR,1999,0
Bulgaria,BGR,2000,0
Bulgaria,BGR,2001,0
Bulgaria,BGR,2002,0
Bulgaria,BGR,2003,0
Bulgaria,BGR,2004,0
Bulgaria,BGR,2005,0
Bulgaria,BGR,2006,0
Bulgaria,BGR,2007,0
Bulgaria,BGR,2008,0
Bulgaria,BGR,2009,0.002
Bulgaria,BGR,2010,0.025
Bulgaria,BGR,2011,0.154
Bulgaria,BGR,2012,1.013
Bulgaria,BGR,2013,1.02
Bulgaria,BGR,2014,1.026
Bulgaria,BGR,2015,1.029
Bulgaria,BGR,2016,1.028
Bulgaria,BGR,2017,1.03557
Bulgaria,BGR,2018,1.032679
Bulgaria,BGR,2019,1.048
Bulgaria,BGR,2020,1.073
CIS,,1996,0
CIS,,1997,0
CIS,,1998,0
CIS,,1999,0
CIS,,2000,0
CIS,,2001,0
CIS,,2002,0
CIS,,2003,0
CIS,,2004,0
CIS,,2005,0.000063
CIS,,2006,0.000142
CIS,,2007,0.000739
CIS,,2008,0.001124
CIS,,2009,0.001322
CIS,,2010,0.002589
CIS,,2011,0.004
CIS,,2012,0.0061
CIS,,2013,0.0183
CIS,,2014,0.082
CIS,,2015,0.20632
CIS,,2016,0.23632
CIS,,2017,0.405
CIS,,2018,1.04632
CIS,,2019,2.26882
CIS,,2020,3.247
Canada,CAN,1996,0.003
Canada,CAN,1997,0.003
Canada,CAN,1998,0.005
Canada,CAN,1999,0.006
Canada,CAN,2000,0.007
Canada,CAN,2001,0.009
Canada,CAN,2002,0.01
Canada,CAN,2003,0.012
Canada,CAN,2004,0.014
Canada,CAN,2005,0.017
Canada,CAN,2006,0.021
Canada,CAN,2007,0.026
Canada,CAN,2008,0.033
Canada,CAN,2009,0.095
Canada,CAN,2010,0.221
Canada,CAN,2011,0.497
Canada,CAN,2012,0.766
Canada,CAN,2013,1.21
Canada,CAN,2014,1.843
Canada,CAN,2015,2.517
Canada,CAN,2016,2.661
Canada,CAN,2017,2.913
Canada,CAN,2018,3.1
Canada,CAN,2019,3.31
Canada,CAN,2020,3.325
Chile,CHL,1996,0
Chile,CHL,1997,0
Chile,CHL,1998,0
Chile,CHL,1999,0
Chile,CHL,2000,0
Chile,CHL,2001,0
Chile,CHL,2002,0
Chile,CHL,2003,0
Chile,CHL,2004,0
Chile,CHL,2005,0
Chile,CHL,2006,0
Chile,CHL,2007,0
Chile,CHL,2008,0
Chile,CHL,2009,0
Chile,CHL,2010,0
Chile,CHL,2011,0
Chile,CHL,2012,0.002
Chile,CHL,2013,0.015
Chile,CHL,2014,0.221
Chile,CHL,2015,0.576
Chile,CHL,2016,1.125
Chile,CHL,2017,1.809
Chile,CHL,2018,2.137
Chile,CHL,2019,2.555
Chile,CHL,2020,3.106
China,CHN,1996,0.001
China,CHN,1997,0.0025
China,CHN,1998,0.005
China,CHN,1999,0.01
China,CHN,2000,0.033515
China,CHN,2001,0.03802
China,CHN,2002,0.05653
China,CHN,2003,0.0666
China,CHN,2004,0.0766
China,CHN,2005,0.1412
China,CHN,2006,0.1602
China,CHN,2007,0.199
China,CHN,2008,0.253
China,CHN,2009,0.4148
China,CHN,2010,1.0218
China,CHN,2011,3.1078
China,CHN,2012,6.7188
China,CHN,2013,17.7478
China,CHN,2014,28.3878
China,CHN,2015,43.5378
China,CHN,2016,77.7878
China,CHN,2017,130.80129
China,CHN,2018,175.015864
China,CHN,2019,204.5748
China,CHN,2020,253.834
Czechia,CZE,1996,0
Czechia,CZE,1997,0
Czechia,CZE,1998,0
Czechia,CZE,1999,0
Czechia,CZE,2000,0.0001
Czechia,CZE,2001,0.0001
Czechia,CZE,2002,0.0002
Czechia,CZE,2003,0.0003
Czechia,CZE,2004,0.0004
Czechia,CZE,2005,0.001
Czechia,CZE,2006,0.001
Czechia,CZE,2007,0.004
Czechia,CZE,2008,0.04
Czechia,CZE,2009,0.465
Czechia,CZE,2010,1.727
Czechia,CZE,2011,1.913
Czechia,CZE,2012,2.022
Czechia,CZE,2013,2.064
Czechia,CZE,2014,2.0674
Czechia,CZE,2015,2.0749
Czechia,CZE,2016,2.0679
Czechia,CZE,2017,2.0695
Czechia,CZE,2018,2.075072
Czechia,CZE,2019,2.089
Czechia,CZE,2020,2.073
Denmark,DNK,1996,0
Denmark,DNK,1997,0
Denmark,DNK,1998,0
Denmark,DNK,1999,0
Denmark,DNK,2000,0.001
Denmark,DNK,2001,0.001
Denmark,DNK,2002,0.002
Denmark,DNK,2003,0.002
Denmark,DNK,2004,0.002
Denmark,DNK,2005,0.003
Denmark,DNK,2006,0.003
Denmark,DNK,2007,0.003
Denmark,DNK,2008,0.003
Denmark,DNK,2009,0.005
Denmark,DNK,2010,0.007
Denmark,DNK,2011,0.017
Denmark,DNK,2012,0.402
Denmark,DNK,2013,0.571
Denmark,DNK,2014,0.607
Denmark,DNK,2015,0.782108
Denmark,DNK,2016,0.850953
Denmark,DNK,2017,0.90635
Denmark,DNK,2018,0.998
Denmark,DNK,2019,1.08
Denmark,DNK,2020,1.3
Egypt,EGY,1996,0.0001
Egypt,EGY,1997,0.0001
Egypt,EGY,1998,0.0001
Egypt,EGY,1999,0.0001
Egypt,EGY,2000,0.0001
Egypt,EGY,2001,0.0005
Egypt,EGY,2002,0.0006
Egypt,EGY,2003,0.0006
Egypt,EGY,2004,0.0006
Egypt,EGY,2005,0.0006
Egypt,EGY,2006,0.0006
Egypt,EGY,2007,0.0007
Egypt,EGY,2008,0.0009
Egypt,EGY,2009,0.0013
Egypt,EGY,2010,0.015
Egypt,EGY,2011,0.015
Egypt,EGY,2012,0.035
Egypt,EGY,2013,0.015
Egypt,EGY,2014,0.015
Egypt,EGY,2015,0.025
Egypt,EGY,2016,0.039
Egypt,EGY,2017,0.16
Egypt,EGY,2018,0.7442
Egypt,EGY,2019,1.6412
Egypt,EGY,2020,1.673
Europe,,1996,0.0669
Europe,,1997,0.0873
Europe,,1998,0.1054
Europe,,1999,0.1315
Europe,,2000,0.2002
Europe,,2001,0.30066
Europe,,2002,0.386593
Europe,,2003,0.62577
Europe,,2004,1.337861
Europe,,2005,2.31846
Europe,,2006,3.269973
Europe,,2007,5.043266
Europe,,2008,10.46186
Europe,,2009,16.840442
Europe,,2010,30.124855
Europe,,2011,53.571649
Europe,,2012,71.7277
Europe,,2013,81.878
Europe,,2014,88.82
Europe,,2015,97.549
Europe,,2016,104.696
Europe,,2017,113.478
Europe,,2018,124.404
Europe,,2019,146.315
Europe,,2020,167.812
France,FRA,1996,0.004
France,FRA,1997,0.006
France,FRA,1998,0.008
France,FRA,1999,0.009
France,FRA,2000,0.007
France,FRA,2001,0.007
France,FRA,2002,0.008
France,FRA,2003,0.009
France,FRA,2004,0.011
France,FRA,2005,0.013
France,FRA,2006,0.015
France,FRA,2007,0.026
France,FRA,2008,0.08
France,FRA,2009,0.277
France,FRA,2010,1.044
France,FRA,2011,3.0036
France,FRA,2012,4.3588
France,FRA,2013,5.2773
France,FRA,2014,6.034417
France,FRA,2015,7.137517
France,FRA,2016,7.702081
France,FRA,2017,8.610437
France,FRA,2018,9.691
France,FRA,2019,10.795
France,FRA,2020,11.724
Germany,DEU,1996,0.028
Germany,DEU,1997,0.042
Germany,DEU,1998,0.054
Germany,DEU,1999,0.07
Germany,DEU,2000,0.114
Germany,DEU,2001,0.195
Germany,DEU,2002,0.26
Germany,DEU,2003,0.435
Germany,DEU,2004,1.105
Germany,DEU,2005,2.056
Germany,DEU,2006,2.899
Germany,DEU,2007,4.17
Germany,DEU,2008,6.12
Germany,DEU,2009,10.567
Germany,DEU,2010,18.007
Germany,DEU,2011,25.914
Germany,DEU,2012,34.075
Germany,DEU,2013,36.708
Germany,DEU,2014,37.898
Germany,DEU,2015,39.222
Germany,DEU,2016,40.677
Germany,DEU,2017,42.291
Germany,DEU,2018,45.156
Germany,DEU,2019,49.045
Germany,DEU,2020,53.781
Greece,GRC,1996,0
Greece,GRC,1997,0
Greece,GRC,1998,0
Greece,GRC,1999,0
Greece,GRC,2000,0
Greece,GRC,2001,0.001
Greece,GRC,2002,0.001
Greece,GRC,2003,0.001
Greece,GRC,2004,0.001
Greece,GRC,2005,0.001
Greece,GRC,2006,0.005
Greece,GRC,2007,0.009
Greece,GRC,2008,0.012
Greece,GRC,2009,0.046
Greece,GRC,2010,0.202
Greece,GRC,2011,0.612
Greece,GRC,2012,1.536
Greece,GRC,2013,2.579
Greece,GRC,2014,2.596
Greece,GRC,2015,2.604
Greece,GRC,2016,2.604
Greece,GRC,2017,2.60553
Greece,GRC,2018,2.65157
Greece,GRC,2019,2.834
Greece,GRC,2020,3.247
Honduras,HND,1996,0
Honduras,HND,1997,0
Honduras,HND,1998,0
Honduras,HND,1999,0.001
Honduras,HND,2000,0.0016
Honduras,HND,2001,0.0018
Honduras,HND,2002,0.002
Honduras,HND,2003,0.0021
Honduras,HND,2004,0.0024
Honduras,HND,2005,0.0027
Honduras,HND,2006,0.0029
Honduras,HND,2007,0.0032
Honduras,HND,2008,0.0032
Honduras,HND,2009,0.0035
Honduras,HND,2010,0.0037
Honduras,HND,2011,0.0045
Honduras,HND,2012,0.0052
Honduras,HND,2013,0.0052
Honduras,HND,2014,0.005156
Honduras,HND,2015,0.393156
Honduras,HND,2016,0.414156
Honduras,HND,2017,0.453786
Honduras,HND,2018,0.514
Honduras,HND,2019,0.514
Honduras,HND,2020,0.514
Hungary,HUN,1996,0
Hungary,HUN,1997,0
Hungary,HUN,1998,0
Hungary,HUN,1999,0
Hungary,HUN,2000,0
Hungary,HUN,2001,0
Hungary,HUN,2002,0
Hungary,HUN,2003,0
Hungary,HUN,2004,0
Hungary,HUN,2005,0
Hungary,HUN,2006,0
Hungary,HUN,2007,0
Hungary,HUN,2008,0.001
Hungary,HUN,2009,0.001
Hungary,HUN,2010,0.002
Hungary,HUN,2011,0.004
Hungary,HUN,2012,0.012
Hungary,HUN,2013,0.035
Hungary,HUN,2014,0.089
Hungary,HUN,2015,0.172
Hungary,HUN,2016,0.235
Hungary,HUN,2017,0.344
Hungary,HUN,2018,0.728
Hungary,HUN,2019,1.4
Hungary,HUN,2020,1.953
India,IND,1996,0
India,IND,1997,0
India,IND,1998,0
India,IND,1999,0
India,IND,2000,0.001084
India,IND,2001,0.005535
India,IND,2002,0.006705
India,IND,2003,0.007885
India,IND,2004,0.00781
India,IND,2005,0.011567
India,IND,2006,0.009603
India,IND,2007,0.025099
India,IND,2008,0.027723
India,IND,2009,0.039362
India,IND,2010,0.065362
India,IND,2011,0.563315
India,IND,2012,0.979
India,IND,2013,1.445827
India,IND,2014,3.444008
India,IND,2015,5.364984
India,IND,2016,9.650521
India,IND,2017,17.923256
India,IND,2018,27.124598
India,IND,2019,34.860908
India,IND,2020,38.983
Israel,ISR,1996,0
Israel,ISR,1997,0.0003
Israel,ISR,1998,0.0003
Israel,ISR,1999,0.0004
Israel,ISR,2000,0
Israel,ISR,2001,0
Israel,ISR,2002,0
Israel,ISR,2003,0
Israel,ISR,2004,0
Israel,ISR,2005,0.001
Israel,ISR,2006,0.0013
Israel,ISR,2007,0.0018
Israel,ISR,2008,0.003
Israel,ISR,2009,0.0245
Israel,ISR,2010,0.0699
Israel,ISR,2011,0.1897
Israel,ISR,2012,0.2428
Israel,ISR,2013,0.42
Israel,ISR,2014,0.67
Israel,ISR,2015,0.76575
Israel,ISR,2016,0.866
Israel,ISR,2017,0.969
Israel,ISR,2018,1.07
Israel,ISR,2019,1.19
Israel,ISR,2020,1.19
Italy,ITA,1996,0.016
Italy,ITA,1997,0.017
Italy,ITA,1998,0.018
Italy,ITA,1999,0.018
Italy,ITA,2000,0.019
Italy,ITA,2001,0.02
Italy,ITA,2002,0.022
Italy,ITA,2003,0.026
Italy,ITA,2004,0.031
Italy,ITA,2005,0.034
Italy,ITA,2006,0.045
Italy,ITA,2007,0.11
Italy,ITA,2008,0.483
Italy,ITA,2009,1.264
Italy,ITA,2010,3.5967
Italy,ITA,2011,13.131
Italy,ITA,2012,16.785
Italy,ITA,2013,18.185
Italy,ITA,2014,18.594
Italy,ITA,2015,18.901
Italy,ITA,2016,19.283
Italy,ITA,2017,19.682
Italy,ITA,2018,20.108
Italy,ITA,2019,20.865
Italy,ITA,2020,21.594
Japan,JPN,1996,0.06
Japan,JPN,1997,0.091
Japan,JPN,1998,0.133
Japan,JPN,1999,0.209
Japan,JPN,2000,0.33
Japan,JPN,2001,0.453
Japan,JPN,2002,0.637
Japan,JPN,2003,0.86
Japan,JPN,2004,1.132
Japan,JPN,2005,1.421
Japan,JPN,2006,1.7
Japan,JPN,2007,1.909
Japan,JPN,2008,2.131
Japan,JPN,2009,2.611
Japan,JPN,2010,3.599
Japan,JPN,2011,4.89
Japan,JPN,2012,6.43
Japan,JPN,2013,12.107
Japan,JPN,2014,19.334
Japan,JPN,2015,28.615
Japan,JPN,2016,38.438
Japan,JPN,2017,44.226
Japan,JPN,2018,55.5
Japan,JPN,2019,61.526
Japan,JPN,2020,67
Jordan,JOR,1996,0
Jordan,JOR,1997,0
Jordan,JOR,1998,0
Jordan,JOR,1999,0
Jordan,JOR,2000,0
Jordan,JOR,2001,0
Jordan,JOR,2002,0
Jordan,JOR,2003,0
Jordan,JOR,2004,0
Jordan,JOR,2005,0
Jordan,JOR,2006,0
Jordan,JOR,2007,0
Jordan,JOR,2008,0
Jordan,JOR,2009,0
Jordan,JOR,2010,0
Jordan,JOR,2011,0
Jordan,JOR,2012,0.0001
Jordan,JOR,2013,0.0001
Jordan,JOR,2014,0.000221
Jordan,JOR,2015,0.006
Jordan,JOR,2016,0.296
Jordan,JOR,2017,0.406
Jordan,JOR,2018,0.809
Jordan,JOR,2019,1.101
Jordan,JOR,2020,1.359
Malaysia,MYS,1996,0
Malaysia,MYS,1997,0
Malaysia,MYS,1998,0
Malaysia,MYS,1999,0
Malaysia,MYS,2000,0
Malaysia,MYS,2001,0
Malaysia,MYS,2002,0
Malaysia,MYS,2003,0
Malaysia,MYS,2004,0
Malaysia,MYS,2005,0
Malaysia,MYS,2006,0
Malaysia,MYS,2007,0.00045
Malaysia,MYS,2008,0.00054
Malaysia,MYS,2009,0.00054
Malaysia,MYS,2010,0.000544
Malaysia,MYS,2011,0.000544
Malaysia,MYS,2012,0.025104
Malaysia,MYS,2013,0.097124
Malaysia,MYS,2014,0.165778
Malaysia,MYS,2015,0.229095
Malaysia,MYS,2016,0.278798
Malaysia,MYS,2017,0.370068
Malaysia,MYS,2018,0.536015
Malaysia,MYS,2019,0.882015
Malaysia,MYS,2020,1.493
Mexico,MEX,1996,0.01
Mexico,MEX,1997,0.011
Mexico,MEX,1998,0.012
Mexico,MEX,1999,0.013
Mexico,MEX,2000,0.014
Mexico,MEX,2001,0.015
Mexico,MEX,2002,0.016
Mexico,MEX,2003,0.016
Mexico,MEX,2004,0.016
Mexico,MEX,2005,0.016
Mexico,MEX,2006,0.016
Mexico,MEX,2007,0.019
Mexico,MEX,2008,0.019
Mexico,MEX,2009,0.025
Mexico,MEX,2010,0.029
Mexico,MEX,2011,0.039
Mexico,MEX,2012,0.06
Mexico,MEX,2013,0.082
Mexico,MEX,2014,0.116
Mexico,MEX,2015,0.173
Mexico,MEX,2016,0.3886
Mexico,MEX,2017,0.67374
Mexico,MEX,2018,2.541
Mexico,MEX,2019,4.426
Mexico,MEX,2020,5.63
Middle East,,1996,0
Middle East,,1997,0.0003
Middle East,,1998,0.0003
Middle East,,1999,0.0004
Middle East,,2000,0.0004
Middle East,,2001,0.0004
Middle East,,2002,0.0004
Middle East,,2003,0.0004
Middle East,,2004,0.0004
Middle East,,2005,0.0014
Middle East,,2006,0.0017
Middle East,,2007,0.0023
Middle East,,2008,0.0104
Middle East,,2009,0.0422
Middle East,,2010,0.0909
Middle East,,2011,0.209
Middle East,,2012,0.268
Middle East,,2013,0.507
Middle East,,2014,0.798
Middle East,,2015,0.972
Middle East,,2016,1.479
Middle East,,2017,2.11
Middle East,,2018,3.333
Middle East,,2019,5.484
Middle East,,2020,6.52
Morocco,MAR,1996,0
Morocco,MAR,1997,0
Morocco,MAR,1998,0
Morocco,MAR,1999,0
Morocco,MAR,2000,0.0067
Morocco,MAR,2001,0.007
Morocco,MAR,2002,0.0077
Morocco,MAR,2003,0.0084
Morocco,MAR,2004,0.0091
Morocco,MAR,2005,0.01
Morocco,MAR,2006,0.0108
Morocco,MAR,2007,0.011945
Morocco,MAR,2008,0.012845
Morocco,MAR,2009,0.013445
Morocco,MAR,2010,0.013545
Morocco,MAR,2011,0.014174
Morocco,MAR,2012,0.035174
Morocco,MAR,2013,0.015174
Morocco,MAR,2014,0.0196
Morocco,MAR,2015,0.0198
Morocco,MAR,2016,0.02187
Morocco,MAR,2017,0.023895
Morocco,MAR,2018,0.203895
Morocco,MAR,2019,0.204083
Morocco,MAR,2020,0.204
Netherlands,NLD,1996,0.0007
Netherlands,NLD,1997,0.001
Netherlands,NLD,1998,0.001
Netherlands,NLD,1999,0.005
Netherlands,NLD,2000,0.013
Netherlands,NLD,2001,0.021
Netherlands,NLD,2002,0.026
Netherlands,NLD,2003,0.046
Netherlands,NLD,2004,0.05
Netherlands,NLD,2005,0.051
Netherlands,NLD,2006,0.053
Netherlands,NLD,2007,0.054
Netherlands,NLD,2008,0.059
Netherlands,NLD,2009,0.069
Netherlands,NLD,2010,0.09
Netherlands,NLD,2011,0.149
Netherlands,NLD,2012,0.287
Netherlands,NLD,2013,0.65
Netherlands,NLD,2014,1.007
Netherlands,NLD,2015,1.526
Netherlands,NLD,2016,2.135
Netherlands,NLD,2017,2.911
Netherlands,NLD,2018,4.608
Netherlands,NLD,2019,7.177
Netherlands,NLD,2020,10.213
North America,,1996,0.0269
North America,,1997,0.0286
North America,,1998,0.0322
North America,,1999,0.0356
North America,,2000,0.0395
North America,,2001,0.0459
North America,,2002,0.054
North America,,2003,0.101
North America,,2004,0.141
North America,,2005,0.223
North America,,2006,0.332
North America,,2007,0.5
North America,,2008,0.805
North America,,2009,1.308
North America,,2010,2.29
North America,,2011,5.708
North America,,2012,8.963
North America,,2013,13.051
North America,,2014,17.943
North America,,2015,24.374
North America,,2016,36.0076
North America,,2017,44.94374
North America,,2018,57.067
North America,,2019,66.66
North America,,2020,82.769
Other Africa,,1996,0.001012425219
Other Africa,,1997,0.001037275656
Other Africa,,1998,0.001062126093
Other Africa,,1999,0.002099401749
Other Africa,,2000,0.004127
Other Africa,,2001,0.005529
Other Africa,,2002,0.006943
Other Africa,,2003,0.009019
Other Africa,,2004,0.012296
Other Africa,,2005,0.015365
Other Africa,,2006,0.022868
Other Africa,,2007,0.034011
Other Africa,,2008,0.049622
Other Africa,,2009,0.092093
Other Africa,,2010,0.163321
Other Africa,,2011,0.23152
Other Africa,,2012,0.241875
Other Africa,,2013,0.367988
Other Africa,,2014,0.466267
Other Africa,,2015,0.585902
Other Africa,,2016,0.720236
Other Africa,,2017,0.960802
Other Africa,,2018,1.324137
Other Africa,,2019,1.603267
Other Africa,,2020,1.715
Other Asia Pacific,,1996,0
Other Asia Pacific,,1997,0
Other Asia Pacific,,1998,0.001
Other Asia Pacific,,1999,0.002
Other Asia Pacific,,2000,0.001161
Other Asia Pacific,,2001,0.002662
Other Asia Pacific,,2002,0.004298
Other Asia Pacific,,2003,0.007428
Other Asia Pacific,,2004,0.009323
Other Asia Pacific,,2005,0.012453
Other Asia Pacific,,2006,0.031776
Other Asia Pacific,,2007,0.029528
Other Asia Pacific,,2008,0.088794
Other Asia Pacific,,2009,0.29622
Other Asia Pacific,,2010,0.788801
Other Asia Pacific,,2011,0.095398
Other Asia Pacific,,2012,0.201521
Other Asia Pacific,,2013,0.210208
Other Asia Pacific,,2014,0.277991
Other Asia Pacific,,2015,0.447885
Other Asia Pacific,,2016,0.577347
Other Asia Pacific,,2017,0.824013
Other Asia Pacific,,2018,0.934215
Other Asia Pacific,,2019,1.369453
Other Asia Pacific,,2020,1.984
Other CIS,,1996,0
Other CIS,,1997,0
Other CIS,,1998,0
Other CIS,,1999,0
Other CIS,,2000,0
Other CIS,,2001,0
Other CIS,,2002,0
Other CIS,,2003,0
Other CIS,,2004,0
Other CIS,,2005,0.000063
Other CIS,,2006,0.000142
Other CIS,,2007,0.000739
Other CIS,,2008,0.001124
Other CIS,,2009,0.001322
Other CIS,,2010,0.002589
Other CIS,,2011,0.004
Other CIS,,2012,0.006
Other CIS,,2013,0.017
Other CIS,,2014,0.077
Other CIS,,2015,0.145
Other CIS,,2016,0.16
Other CIS,,2017,0.18
Other CIS,,2018,0.511
Other CIS,,2019,1.205
Other CIS,,2020,1.819
Other Europe,,1996,0.0049
Other Europe,,1997,0.0052
Other Europe,,1998,0.0054
Other Europe,,1999,0.006
Other Europe,,2000,0.009
Other Europe,,2001,0.01026
Other Europe,,2002,0.011793
Other Europe,,2003,0.02547
Other Europe,,2004,0.036961
Other Europe,,2005,0.03746
Other Europe,,2006,0.040073
Other Europe,,2007,0.041066
Other Europe,,2008,0.04496
Other Europe,,2009,0.051742
Other Europe,,2010,0.082155
Other Europe,,2011,0.615949
Other Europe,,2012,0.31099
Other Europe,,2013,0.475507
Other Europe,,2014,0.627487
Other Europe,,2015,0.724481
Other Europe,,2016,0.853103
Other Europe,,2017,1.110551
Other Europe,,2018,1.280015
Other Europe,,2019,1.662053
Other Europe,,2020,2.096
Other Middle East,,1996,0
Other Middle East,,1997,0
Other Middle East,,1998,0
Other Middle East,,1999,0
Other Middle East,,2000,0.0004
Other Middle East,,2001,0.0004
Other Middle East,,2002,0.0004
Other Middle East,,2003,0.0004
Other Middle East,,2004,0.0004
Other Middle East,,2005,0.0004
Other Middle East,,2006,0.0004
Other Middle East,,2007,0.0005
Other Middle East,,2008,0.0074
Other Middle East,,2009,0.0077
Other Middle East,,2010,0.0102
Other Middle East,,2011,0.0067
Other Middle East,,2012,0.0121
Other Middle East,,2013,0.0609
Other Middle East,,2014,0.094779
Other Middle East,,2015,0.16725
Other Middle East,,2016,0.277
Other Middle East,,2017,0.48
Other Middle East,,2018,0.956
Other Middle East,,2019,1.375
Other Middle East,,2020,1.532
Other South & Central America,,1996,0
Other South & Central America,,1997,0
Other South & Central America,,1998,0
Other South & Central America,,1999,0.001
Other South & Central America,,2000,0.0027
Other South & Central America,,2001,0.005
Other South & Central America,,2002,0.0073
Other South & Central America,,2003,0.0093
Other South & Central America,,2004,0.0113
Other South & Central America,,2005,0.0136
Other South & Central America,,2006,0.0194
Other South & Central America,,2007,0.026
Other South & Central America,,2008,0.0354
Other South & Central America,,2009,0.0587
Other South & Central America,,2010,0.1122
Other South & Central America,,2011,0.1615
Other South & Central America,,2012,0.3068
Other South & Central America,,2013,0.4198
Other South & Central America,,2014,0.550844
Other South & Central America,,2015,0.820844
Other South & Central America,,2016,1.047844
Other South & Central America,,2017,1.669214
Other South & Central America,,2018,2.143
Other South & Central America,,2019,2.63
Other South & Central America,,2020,2.794
Pakistan,PAK,1996,0
Pakistan,PAK,1997,0
Pakistan,PAK,1998,0
Pakistan,PAK,1999,0
Pakistan,PAK,2000,0
Pakistan,PAK,2001,0
Pakistan,PAK,2002,0
Pakistan,PAK,2003,0
Pakistan,PAK,2004,0
Pakistan,PAK,2005,0
Pakistan,PAK,2006,0
Pakistan,PAK,2007,0.00014
Pakistan,PAK,2008,0.0011
Pakistan,PAK,2009,0.0037
Pakistan,PAK,2010,0.009325
Pakistan,PAK,2011,0.018632
Pakistan,PAK,2012,0.045705
Pakistan,PAK,2013,0.10051
Pakistan,PAK,2014,0.165245
Pakistan,PAK,2015,0.266
Pakistan,PAK,2016,0.589
Pakistan,PAK,2017,0.655
Pakistan,PAK,2018,0.679
Pakistan,PAK,2019,0.713
Pakistan,PAK,2020,0.737
Philippines,PHL,1996,0
Philippines,PHL,1997,0
Philippines,PHL,1998,0
Philippines,PHL,1999,0
Philippines,PHL,2000,0
Philippines,PHL,2001,0
Philippines,PHL,2002,0
Philippines,PHL,2003,0
Philippines,PHL,2004,0.001
Philippines,PHL,2005,0.001
Philippines,PHL,2006,0.001
Philippines,PHL,2007,0.001
Philippines,PHL,2008,0.001
Philippines,PHL,2009,0.001
Philippines,PHL,2010,0.001
Philippines,PHL,2011,0.002
Philippines,PHL,2012,0.002
Philippines,PHL,2013,0.003
Philippines,PHL,2014,0.028
Philippines,PHL,2015,0.173
Philippines,PHL,2016,0.784
Philippines,PHL,2017,0.908
Philippines,PHL,2018,0.914
Philippines,PHL,2019,0.973
Philippines,PHL,2020,1.048
Poland,POL,1997,0
Poland,POL,1998,0
Poland,POL,1999,0
Poland,POL,2000,0
Poland,POL,2001,0
Poland,POL,2002,0
Poland,POL,2003,0
Poland,POL,2004,0
Poland,POL,2005,0
Poland,POL,2006,0
Poland,POL,2007,0
Poland,POL,2008,0
Poland,POL,2009,0
Poland,POL,2010,0
Poland,POL,2011,0
Poland,POL,2012,0.00111
Poland,POL,2013,0.002393
Poland,POL,2014,0.02715
Poland,POL,2015,0.107777
Poland,POL,2016,0.187247
Poland,POL,2017,0.287091
Poland,POL,2018,0.561976
Poland,POL,2019,1.539259
Poland,POL,2020,3.936
Portugal,PRT,1996,0.0004
Portugal,PRT,1997,0.0005
Portugal,PRT,1998,0.0006
Portugal,PRT,1999,0.0009
Portugal,PRT,2000,0.001
Portugal,PRT,2001,0.001
Portugal,PRT,2002,0.001
Portugal,PRT,2003,0.002
Portugal,PRT,2004,0.002
Portugal,PRT,2005,0.002
Portugal,PRT,2006,0.003
Portugal,PRT,2007,0.024
Portugal,PRT,2008,0.059
Portugal,PRT,2009,0.115
Portugal,PRT,2010,0.134
Portugal,PRT,2011,0.172
Portugal,PRT,2012,0.238
Portugal,PRT,2013,0.296
Portugal,PRT,2014,0.415
Portugal,PRT,2015,0.447
Portugal,PRT,2016,0.513
Portugal,PRT,2017,0.579
Portugal,PRT,2018,0.667
Portugal,PRT,2019,0.901
Portugal,PRT,2020,1.025
Romania,ROU,1996,0
Romania,ROU,1997,0
Romania,ROU,1998,0
Romania,ROU,1999,0
Romania,ROU,2000,0
Romania,ROU,2001,0
Romania,ROU,2002,0
Romania,ROU,2003,0
Romania,ROU,2004,0
Romania,ROU,2005,0
Romania,ROU,2006,0
Romania,ROU,2007,0
Romania,ROU,2008,0.0001
Romania,ROU,2009,0.0001
Romania,ROU,2010,0.0001
Romania,ROU,2011,0.001
Romania,ROU,2012,0.041
Romania,ROU,2013,0.761
Romania,ROU,2014,1.293
Romania,ROU,2015,1.326
Romania,ROU,2016,1.372
Romania,ROU,2017,1.374
Romania,ROU,2018,1.386
Romania,ROU,2019,1.398
Romania,ROU,2020,1.387
Russia,RUS,1996,0
Russia,RUS,1997,0
Russia,RUS,1998,0
Russia,RUS,1999,0
Russia,RUS,2000,0
Russia,RUS,2001,0
Russia,RUS,2002,0
Russia,RUS,2003,0
Russia,RUS,2004,0
Russia,RUS,2005,0
Russia,RUS,2006,0
Russia,RUS,2007,0
Russia,RUS,2008,0
Russia,RUS,2009,0
Russia,RUS,2010,0
Russia,RUS,2011,0
Russia,RUS,2012,0.0001
Russia,RUS,2013,0.0013
Russia,RUS,2014,0.005
Russia,RUS,2015,0.06132
Russia,RUS,2016,0.07632
Russia,RUS,2017,0.225
Russia,RUS,2018,0.53532
Russia,RUS,2019,1.06382
Russia,RUS,2020,1.428
Slovakia,SVK,1996,0
Slovakia,SVK,1997,0
Slovakia,SVK,1998,0
Slovakia,SVK,1999,0
Slovakia,SVK,2000,0
Slovakia,SVK,2001,0
Slovakia,SVK,2002,0
Slovakia,SVK,2003,0
Slovakia,SVK,2004,0
Slovakia,SVK,2005,0
Slovakia,SVK,2006,0
Slovakia,SVK,2007,0
Slovakia,SVK,2008,0
Slovakia,SVK,2009,0
Slovakia,SVK,2010,0
Slovakia,SVK,2011,0.019
Slovakia,SVK,2012,0.496
Slovakia,SVK,2013,0.533
Slovakia,SVK,2014,0.533
Slovakia,SVK,2015,0.533
Slovakia,SVK,2016,0.533
Slovakia,SVK,2017,0.528
Slovakia,SVK,2018,0.472
Slovakia,SVK,2019,0.59
Slovakia,SVK,2020,0.593
South & Central America,,1996,0
South & Central America,,1997,0
South & Central America,,1998,0
South & Central America,,1999,0.002
South & Central America,,2000,0.0043
South & Central America,,2001,0.0068
South & Central America,,2002,0.0093
South & Central America,,2003,0.0114
South & Central America,,2004,0.0137
South & Central America,,2005,0.0163
South & Central America,,2006,0.0223
South & Central America,,2007,0.0292
South & Central America,,2008,0.0386
South & Central America,,2009,0.0622
South & Central America,,2010,0.1169
South & Central America,,2011,0.169
South & Central America,,2012,0.323
South & Central America,,2013,0.456
South & Central America,,2014,0.805
South & Central America,,2015,1.84
South & Central America,,2016,2.744
South & Central America,,2017,5.237
South & Central America,,2018,7.455
South & Central America,,2019,10.756
South & Central America,,2020,15.059
South Africa,ZAF,1996,0
South Africa,ZAF,1997,0.002
South Africa,ZAF,1998,0.004
South Africa,ZAF,1999,0.006
South Africa,ZAF,2000,0
South Africa,ZAF,2001,0
South Africa,ZAF,2002,0
South Africa,ZAF,2003,0
South Africa,ZAF,2004,0
South Africa,ZAF,2005,0
South Africa,ZAF,2006,0
South Africa,ZAF,2007,0
South Africa,ZAF,2008,0
South Africa,ZAF,2009,0
South Africa,ZAF,2010,0.001959
South Africa,ZAF,2011,0.005658
South Africa,ZAF,2012,0.011303
South Africa,ZAF,2013,0.261625
South Africa,ZAF,2014,1.062901
South Africa,ZAF,2015,1.251656
South Africa,ZAF,2016,1.974026
South Africa,ZAF,2017,3.14673
South Africa,ZAF,2018,4.400929
South Africa,ZAF,2019,4.404991
South Africa,ZAF,2020,5.49
South Korea,KOR,1996,0
South Korea,KOR,1997,0
South Korea,KOR,1998,0
South Korea,KOR,1999,0
South Korea,KOR,2000,0.004
South Korea,KOR,2001,0.005
South Korea,KOR,2002,0.005
South Korea,KOR,2003,0.006
South Korea,KOR,2004,0.009
South Korea,KOR,2005,0.014
South Korea,KOR,2006,0.036
South Korea,KOR,2007,0.081
South Korea,KOR,2008,0.357
South Korea,KOR,2009,0.524
South Korea,KOR,2010,0.65
South Korea,KOR,2011,0.7302
South Korea,KOR,2012,1.0242
South Korea,KOR,2013,1.5552
South Korea,KOR,2014,2.4812
South Korea,KOR,2015,3.6152
South Korea,KOR,2016,4.5022
South Korea,KOR,2017,5.8352
South Korea,KOR,2018,7.129859
South Korea,KOR,2019,10.505102
South Korea,KOR,2020,14.575
Spain,ESP,1996,0.001
Spain,ESP,1997,0.001
Spain,ESP,1998,0.001
Spain,ESP,1999,0.002
Spain,ESP,2000,0.01
Spain,ESP,2001,0.013
Spain,ESP,2002,0.017
Spain,ESP,2003,0.022
Spain,ESP,2004,0.033
Spain,ESP,2005,0.052
Spain,ESP,2006,0.13
Spain,ESP,2007,0.494
Spain,ESP,2008,3.384
Spain,ESP,2009,3.423
Spain,ESP,2010,3.873
Spain,ESP,2011,4.283
Spain,ESP,2012,4.569
Spain,ESP,2013,4.69
Spain,ESP,2014,4.697
Spain,ESP,2015,4.704
Spain,ESP,2016,4.713
Spain,ESP,2017,4.723
Spain,ESP,2018,4.764
Spain,ESP,2019,8.973
Spain,ESP,2020,11.785
Sweden,SWE,1996,0.002
Sweden,SWE,1997,0.002
Sweden,SWE,1998,0.002
Sweden,SWE,1999,0.003
Sweden,SWE,2000,0.003
Sweden,SWE,2001,0.003
Sweden,SWE,2002,0.003
Sweden,SWE,2003,0.004
Sweden,SWE,2004,0.004
Sweden,SWE,2005,0.004
Sweden,SWE,2006,0.005
Sweden,SWE,2007,0.006
Sweden,SWE,2008,0.008
Sweden,SWE,2009,0.009
Sweden,SWE,2010,0.011
Sweden,SWE,2011,0.012
Sweden,SWE,2012,0.024
Sweden,SWE,2013,0.043
Sweden,SWE,2014,0.06
Sweden,SWE,2015,0.104
Sweden,SWE,2016,0.153
Sweden,SWE,2017,0.244
Sweden,SWE,2018,0.428
Sweden,SWE,2019,0.714
Sweden,SWE,2020,1.417
Switzerland,CHE,1996,0.008
Switzerland,CHE,1997,0.01
Switzerland,CHE,1998,0.012
Switzerland,CHE,1999,0.013
Switzerland,CHE,2000,0.016
Switzerland,CHE,2001,0.018
Switzerland,CHE,2002,0.02
Switzerland,CHE,2003,0.022
Switzerland,CHE,2004,0.024
Switzerland,CHE,2005,0.028
Switzerland,CHE,2006,0.03
Switzerland,CHE,2007,0.037
Switzerland,CHE,2008,0.049
Switzerland,CHE,2009,0.079
Switzerland,CHE,2010,0.125
Switzerland,CHE,2011,0.223
Switzerland,CHE,2012,0.437
Switzerland,CHE,2013,0.756
Switzerland,CHE,2014,1.061
Switzerland,CHE,2015,1.394
Switzerland,CHE,2016,1.664
Switzerland,CHE,2017,1.906
Switzerland,CHE,2018,2.203
Switzerland,CHE,2019,2.589
Switzerland,CHE,2020,3.188
Taiwan,TWN,1996,0
Taiwan,TWN,1997,0
Taiwan,TWN,1998,0
Taiwan,TWN,1999,0
Taiwan,TWN,2000,0.0001
Taiwan,TWN,2001,0.0002
Taiwan,TWN,2002,0.0003
Taiwan,TWN,2003,0.0005
Taiwan,TWN,2004,0.0006
Taiwan,TWN,2005,0.001
Taiwan,TWN,2006,0.0014
Taiwan,TWN,2007,0.0024
Taiwan,TWN,2008,0.0056
Taiwan,TWN,2009,0.0095
Taiwan,TWN,2010,0.022
Taiwan,TWN,2011,0.13
Taiwan,TWN,2012,0.231
Taiwan,TWN,2013,0.41
Taiwan,TWN,2014,0.636
Taiwan,TWN,2015,0.8422
Taiwan,TWN,2016,1.245
Taiwan,TWN,2017,1.7677
Taiwan,TWN,2018,2.738116
Taiwan,TWN,2019,4.149536
Taiwan,TWN,2020,5.817
Thailand,THA,1996,0
Thailand,THA,1997,0
Thailand,THA,1998,0
Thailand,THA,1999,0
Thailand,THA,2000,0
Thailand,THA,2001,0
Thailand,THA,2002,0
Thailand,THA,2003,0
Thailand,THA,2004,0
Thailand,THA,2005,0
Thailand,THA,2006,0.03041
Thailand,THA,2007,0.03225
Thailand,THA,2008,0.03235
Thailand,THA,2009,0.037
Thailand,THA,2010,0.0486
Thailand,THA,2011,0.0787
Thailand,THA,2012,0.377
Thailand,THA,2013,0.824
Thailand,THA,2014,1.299
Thailand,THA,2015,1.42
Thailand,THA,2016,2.446
Thailand,THA,2017,2.697
Thailand,THA,2018,2.962
Thailand,THA,2019,2.983
Thailand,THA,2020,2.983
Turkey,TUR,1996,0
Turkey,TUR,1997,0
Turkey,TUR,1998,0
Turkey,TUR,1999,0
Turkey,TUR,2000,0.0001
Turkey,TUR,2001,0.0003
Turkey,TUR,2002,0.0006
Turkey,TUR,2003,0.001
Turkey,TUR,2004,0.0015
Turkey,TUR,2005,0.002
Turkey,TUR,2006,0.0025
Turkey,TUR,2007,0.003
Turkey,TUR,2008,0.0037
Turkey,TUR,2009,0.0047
Turkey,TUR,2010,0.0057
Turkey,TUR,2011,0.0067
Turkey,TUR,2012,0.0117
Turkey,TUR,2013,0.018
Turkey,TUR,2014,0.04
Turkey,TUR,2015,0.249
Turkey,TUR,2016,0.833
Turkey,TUR,2017,3.421
Turkey,TUR,2018,5.063
Turkey,TUR,2019,5.995
Turkey,TUR,2020,6.667
Ukraine,UKR,1996,0
Ukraine,UKR,1997,0
Ukraine,UKR,1998,0
Ukraine,UKR,1999,0
Ukraine,UKR,2000,0
Ukraine,UKR,2001,0
Ukraine,UKR,2002,0
Ukraine,UKR,2003,0
Ukraine,UKR,2004,0
Ukraine,UKR,2005,0
Ukraine,UKR,2006,0
Ukraine,UKR,2007,0
Ukraine,UKR,2008,0
Ukraine,UKR,2009,0
Ukraine,UKR,2010,0.0025
Ukraine,UKR,2011,0.1882
Ukraine,UKR,2012,0.3716
Ukraine,UKR,2013,0.7484
Ukraine,UKR,2014,0.8191
Ukraine,UKR,2015,0.8412
Ukraine,UKR,2016,0.9547
Ukraine,UKR,2017,1.2
Ukraine,UKR,2018,2.002688
Ukraine,UKR,2019,5.935688
Ukraine,UKR,2020,7.331
United Arab Emirates,ARE,1996,0
United Arab Emirates,ARE,1997,0
United Arab Emirates,ARE,1998,0
United Arab Emirates,ARE,1999,0
United Arab Emirates,ARE,2000,0
United Arab Emirates,ARE,2001,0
United Arab Emirates,ARE,2002,0
United Arab Emirates,ARE,2003,0
United Arab Emirates,ARE,2004,0
United Arab Emirates,ARE,2005,0
United Arab Emirates,ARE,2006,0
United Arab Emirates,ARE,2007,0
United Arab Emirates,ARE,2008,0
United Arab Emirates,ARE,2009,0.01
United Arab Emirates,ARE,2010,0.0108
United Arab Emirates,ARE,2011,0.0126
United Arab Emirates,ARE,2012,0.013
United Arab Emirates,ARE,2013,0.026
United Arab Emirates,ARE,2014,0.033
United Arab Emirates,ARE,2015,0.033
United Arab Emirates,ARE,2016,0.04
United Arab Emirates,ARE,2017,0.255
United Arab Emirates,ARE,2018,0.498
United Arab Emirates,ARE,2019,1.818
United Arab Emirates,ARE,2020,2.439
United Kingdom,GBR,1996,0.0002
United Kingdom,GBR,1997,0.0004
United Kingdom,GBR,1998,0.0005
United Kingdom,GBR,1999,0.0009
United Kingdom,GBR,2000,0.002
United Kingdom,GBR,2001,0.003
United Kingdom,GBR,2002,0.004
United Kingdom,GBR,2003,0.006
United Kingdom,GBR,2004,0.008
United Kingdom,GBR,2005,0.011
United Kingdom,GBR,2006,0.014
United Kingdom,GBR,2007,0.018
United Kingdom,GBR,2008,0.023
United Kingdom,GBR,2009,0.027
United Kingdom,GBR,2010,0.095
United Kingdom,GBR,2011,1
United Kingdom,GBR,2012,1.753
United Kingdom,GBR,2013,2.937
United Kingdom,GBR,2014,5.528
United Kingdom,GBR,2015,9.601219
United Kingdom,GBR,2016,11.914
United Kingdom,GBR,2017,12.76
United Kingdom,GBR,2018,13.073
United Kingdom,GBR,2019,13.346
United Kingdom,GBR,2020,13.563
United States,USA,1996,0.0139
United States,USA,1997,0.0146
United States,USA,1998,0.0152
United States,USA,1999,0.0166
United States,USA,2000,0.0185
United States,USA,2001,0.0219
United States,USA,2002,0.028
United States,USA,2003,0.073
United States,USA,2004,0.111
United States,USA,2005,0.19
United States,USA,2006,0.295
United States,USA,2007,0.455
United States,USA,2008,0.753
United States,USA,2009,1.188
United States,USA,2010,2.04
United States,USA,2011,5.172
United States,USA,2012,8.137
United States,USA,2013,11.759
United States,USA,2014,15.984
United States,USA,2015,21.684
United States,USA,2016,32.958
United States,USA,2017,41.357
United States,USA,2018,51.426
United States,USA,2019,58.924
United States,USA,2020,73.814
Vietnam,VNM,2000,0.000002
Vietnam,VNM,2001,0.000108
Vietnam,VNM,2002,0.000236
Vietnam,VNM,2003,0.000406
Vietnam,VNM,2004,0.000747
Vietnam,VNM,2005,0.001885
Vietnam,VNM,2006,0.003424
Vietnam,VNM,2007,0.003424
Vietnam,VNM,2008,0.003424
Vietnam,VNM,2009,0.003515
Vietnam,VNM,2010,0.004518
Vietnam,VNM,2011,0.004518
Vietnam,VNM,2012,0.004518
Vietnam,VNM,2013,0.004518
Vietnam,VNM,2014,0.00529
Vietnam,VNM,2015,0.00529
Vietnam,VNM,2016,0.00529
Vietnam,VNM,2017,0.007992
Vietnam,VNM,2018,0.104992
Vietnam,VNM,2019,4.89814
Vietnam,VNM,2020,16.504
World,OWID_WRL,1996,0.1718124252
World,OWID_WRL,1997,0.2317372757
World,OWID_WRL,1998,0.3049621261
World,OWID_WRL,1999,0.4235994017
World,OWID_WRL,2000,0.651337
World,OWID_WRL,2001,0.901949
World,OWID_WRL,2002,1.211427
World,OWID_WRL,2003,1.746474
World,OWID_WRL,2004,2.800449
World,OWID_WRL,2005,4.244204
World,OWID_WRL,2006,5.698466
World,OWID_WRL,2007,7.98216
World,OWID_WRL,2008,14.371258
World,OWID_WRL,2009,22.639044
World,OWID_WRL,2010,40.12936
World,OWID_WRL,2011,72.040335
World,OWID_WRL,2012,101.449
World,OWID_WRL,2013,135.681061
World,OWID_WRL,2014,171.589873
World,OWID_WRL,2015,217.463222
World,OWID_WRL,2016,291.295309
World,OWID_WRL,2017,384.451503
World,OWID_WRL,2018,482.915904
World,OWID_WRL,2019,580.760214
World,OWID_WRL,2020,707.495